rate,btl_delay,cca,test_duration,flows,interval,omit,aqm,buffer_factor,trial,jfi,loss_percentage,utilization,buffer_occupancy
100,10,bbr-reno,120,1,0.1,180,FIFO,1,1,0.4327216070093115,14.52837138824612,95.0010130603235,93.7752
100,10,bbr-reno,120,1,0.1,180,FIFO,1,2,0.444312103120233,13.865848824597396,95.0796461635503,93.4864
100,10,bbr-reno,120,1,0.1,180,FIFO,1,3,0.4242315417142173,14.924773124531637,94.82623207677156,93.9216
100,10,bbr-reno,120,1,0.1,180,FIFO,2,1,0.4258197719041972,13.640827701190323,93.83008333785436,94.6328
100,10,bbr-reno,120,1,0.1,180,FIFO,2,2,0.4421064305576457,13.538917663699388,94.0747282491399,94.6736
100,10,bbr-reno,120,1,0.1,180,FIFO,2,3,0.4252863231644991,13.718097245539584,93.83881575985768,94.584
100,10,bbr-reno,120,1,0.1,180,FIFO,3,1,0.4268115253350577,11.444725383825224,93.77595040566068,95.2696
100,10,bbr-reno,120,1,0.1,180,FIFO,3,2,0.425965476146147,11.765792781651498,93.75143863830397,94.98053333333333
100,10,bbr-reno,120,1,0.1,180,FIFO,3,3,0.4269557118961248,11.517087827670665,93.97861822322386,95.02373333333334
100,10,bbr-reno,120,1,0.1,180,FIFO,4,1,0.4888432850944133,7.361370998159564,93.67276831617352,94.667
100,10,bbr-reno,120,1,0.1,180,FIFO,4,2,0.506280812082215,8.854681443682749,93.84753198466088,94.975
100,10,bbr-reno,120,1,0.1,180,FIFO,4,3,0.4843571478641193,7.075876050384414,93.73397658145346,94.4104
100,10,bbr-reno,120,1,0.1,180,FIFO,5,1,0.5475393885076841,1.0363657568731666,93.94366743045062,90.748
100,10,bbr-reno,120,1,0.1,180,FIFO,5,2,0.5746175255935615,0.5718865950952017,94.35437106375488,89.74448
100,10,bbr-reno,120,1,0.1,180,FIFO,5,3,0.5723957838198176,0.5527583541397336,94.36311474871763,89.68848
100,10,bbr-reno,120,1,0.1,180,FIFO,6,1,0.8331865592246351,1.52672087652455,94.9485935700238,87.462
100,10,bbr-reno,120,1,0.1,180,FIFO,6,2,0.8383912976983332,0.1635020486275386,95.35048723159656,87.8616
100,10,bbr-reno,120,1,0.1,180,FIFO,6,3,0.7982919384462075,1.5415671220779477,94.9747811192596,88.84666666666666
100,10,bbr-reno,120,1,0.1,180,FIFO,7,1,0.7953434027154893,2.9281753720029333,94.78257438186048,85.33451428571429
100,10,bbr-reno,120,1,0.1,180,FIFO,7,2,0.7974772592801653,2.4753350868788084,94.8437248938387,83.49188571428571
100,10,bbr-reno,120,1,0.1,180,FIFO,7,3,0.8190868099221565,2.781072049669905,94.80876269685136,85.62342857142858
100,10,bbr-bbr2,120,1,0.1,180,FIFO,1,1,0.4598578608391654,14.249701188113484,94.5640882016556,93.404
100,10,bbr-bbr2,120,1,0.1,180,FIFO,1,2,0.4485412086968915,14.59813439897648,95.02721115495842,93.624
100,10,bbr-bbr2,120,1,0.1,180,FIFO,1,3,0.464538143402567,13.988565691254388,95.00974076498196,93.264
100,10,bbr-bbr2,120,1,0.1,180,FIFO,2,1,0.4358043511632426,13.771729499534295,93.76019185126056,94.642
100,10,bbr-bbr2,120,1,0.1,180,FIFO,2,2,0.4379703817181131,13.12981051446478,93.71650860036488,94.5144
100,10,bbr-bbr2,120,1,0.1,180,FIFO,2,3,0.4358512817312445,13.62655922640126,93.65533725691964,94.4208
100,10,bbr-bbr2,120,1,0.1,180,FIFO,3,1,0.4357013813389589,10.803608490762077,93.66407537493252,94.87653333333331
100,10,bbr-bbr2,120,1,0.1,180,FIFO,3,2,0.4365225756644043,11.086260913668566,93.76019634522876,94.8768
100,10,bbr-bbr2,120,1,0.1,180,FIFO,3,3,0.4343659112345308,11.57619050426927,93.71649504212104,94.864
100,10,bbr-bbr2,120,1,0.1,180,FIFO,4,1,0.5034980908732141,7.014940109917084,93.61163313021667,93.9768
100,10,bbr-bbr2,120,1,0.1,180,FIFO,4,2,0.5072205614386865,5.006242343447156,93.69901970766456,93.6598
100,10,bbr-bbr2,120,1,0.1,180,FIFO,4,3,0.5096358285786423,9.347927632510938,93.63786653158768,94.8838
100,10,bbr-bbr2,120,1,0.1,180,FIFO,5,1,0.4983480229041386,0.1850433824083596,93.70775530752852,87.9936
100,10,bbr-bbr2,120,1,0.1,180,FIFO,5,2,0.5013705475046463,0.4025693239913646,93.52426465760124,88.67808
100,10,bbr-bbr2,120,1,0.1,180,FIFO,5,3,0.5355860768024294,0.1739194503710782,93.6640494507274,87.99808
100,10,bbr-bbr2,120,1,0.1,180,FIFO,6,1,0.5735458201513972,0.0,93.79514308341088,76.2608
100,10,bbr-bbr2,120,1,0.1,180,FIFO,6,2,0.492485325529623,0.0,93.6816036052052,76.10053333333333
100,10,bbr-bbr2,120,1,0.1,180,FIFO,6,3,0.5837234619281508,0.0007453352132383,93.91747331494444,75.4152
100,10,bbr-bbr2,120,1,0.1,180,FIFO,7,1,0.7248585778341843,0.0055121592599481,94.33689693590097,66.30114285714286
100,10,bbr-bbr2,120,1,0.1,180,FIFO,7,2,0.6245811032385215,0.0,93.9173713863365,65.52422857142857
100,10,bbr-bbr2,120,1,0.1,180,FIFO,7,3,0.6679305019866991,0.0053119609166762,94.12719856998864,68.91131428571428
100,10,bbr-cubic,120,1,0.1,180,FIFO,1,1,0.4318133822546493,14.63287775418388,94.74759669905583,93.6648
100,10,bbr-cubic,120,1,0.1,180,FIFO,1,2,0.4309670037147997,14.059685611509916,94.28446955562036,93.2056
100,10,bbr-cubic,120,1,0.1,180,FIFO,1,3,0.4381422725036762,14.521310400881635,94.91361054552767,93.5376
100,10,bbr-cubic,120,1,0.1,180,FIFO,2,1,0.427089396217935,13.032515949669554,93.82071771268409,94.7624
100,10,bbr-cubic,120,1,0.1,180,FIFO,2,2,0.421032476803956,13.35296650467655,93.80387493380752,94.58
100,10,bbr-cubic,120,1,0.1,180,FIFO,2,3,0.4215995093891653,13.680779082723513,93.80386834991008,94.4396
100,10,bbr-cubic,120,1,0.1,180,FIFO,3,1,0.4293192658457645,11.059917955821415,93.78641000261943,95.05626666666667
100,10,bbr-cubic,120,1,0.1,180,FIFO,3,2,0.5106725247678396,12.085915453362617,93.7595504761472,95.10746666666668
100,10,bbr-cubic,120,1,0.1,180,FIFO,3,3,0.4224163080038293,11.85539911734695,93.72522923957516,94.99146666666668
100,10,bbr-cubic,120,1,0.1,180,FIFO,4,1,0.4768825858226359,7.808763291221663,93.71650448447772,94.59
100,10,bbr-cubic,120,1,0.1,180,FIFO,4,2,0.4631166284302647,7.3464610921577425,93.60289142946093,94.1532
100,10,bbr-cubic,120,1,0.1,180,FIFO,4,3,0.4906703539250633,8.632552668028298,93.66406798705088,94.7164
100,10,bbr-cubic,120,1,0.1,180,FIFO,5,1,0.5977978771022696,0.4818006253203939,94.35438148252597,90.35488
100,10,bbr-cubic,120,1,0.1,180,FIFO,5,2,0.6284746977929223,0.4763858477459542,94.18835637604448,90.09328
100,10,bbr-cubic,120,1,0.1,180,FIFO,5,3,0.6499860616768018,0.359701689709806,94.32816406109592,89.92816
100,10,bbr-cubic,120,1,0.1,180,FIFO,6,1,0.8060841793349713,1.082625635105249,95.00975837321673,88.6324
100,10,bbr-cubic,120,1,0.1,180,FIFO,6,2,0.8087084087694786,0.5243584529552091,94.992270496028,87.81706666666666
100,10,bbr-cubic,120,1,0.1,180,FIFO,6,3,0.8493282607689309,0.5808199484533412,95.17579440445267,89.68426666666667
100,10,bbr-cubic,120,1,0.1,180,FIFO,7,1,0.7707004670638499,2.6831649508830053,94.73886423432336,85.45028571428571
100,10,bbr-cubic,120,1,0.1,180,FIFO,7,2,0.7745255817697771,2.117040322383187,94.77382073390848,85.008
100,10,bbr-cubic,120,1,0.1,180,FIFO,7,3,0.7621980946360081,2.3027394892687654,94.817499338292,86.58525714285715
100,10,bbr2-cubic,120,1,0.1,180,FIFO,1,1,0.8782485429517638,0.3074736155217809,94.869928759574,71.2872
100,10,bbr2-cubic,120,1,0.1,180,FIFO,1,2,0.8652470451353592,0.2980736598105406,94.8087798766332,71.56104
100,10,bbr2-cubic,120,1,0.1,180,FIFO,1,3,0.8736328581329059,0.3413833992112277,94.87866157182116,71.37144
100,10,bbr2-cubic,120,1,0.1,180,FIFO,2,1,0.8857470969390632,0.1008759080639542,95.76121975403348,77.0444
100,10,bbr2-cubic,120,1,0.1,180,FIFO,2,2,0.9525361749216146,0.1148274793373326,95.7087977844946,79.36
100,10,bbr2-cubic,120,1,0.1,180,FIFO,2,3,0.925922060752146,0.0986325311062976,95.70878790311464,77.992
100,10,bbr2-cubic,120,1,0.1,180,FIFO,3,1,0.9063351428291572,0.093035431151825,95.7699651593996,83.0368
100,10,bbr2-cubic,120,1,0.1,180,FIFO,3,2,0.864050862548388,0.0884728622377675,95.8486001866913,81.75813333333333
100,10,bbr2-cubic,120,1,0.1,180,FIFO,3,3,0.9332397680767358,0.0843182688622794,95.70879607574808,83.27386666666666
100,10,bbr2-cubic,120,1,0.1,180,FIFO,4,1,0.887103639631814,0.0810423751460564,95.75237628481084,84.7882
100,10,bbr2-cubic,120,1,0.1,180,FIFO,4,2,0.94500475881492,0.0701681212523135,95.7699861427946,84.9386
100,10,bbr2-cubic,120,1,0.1,180,FIFO,4,3,0.92097126694201,0.0812060088409848,95.6825746135976,84.9018
100,10,bbr2-cubic,120,1,0.1,180,FIFO,5,1,0.9252473111805004,0.0702661511574908,95.77869129213768,85.54624
100,10,bbr2-cubic,120,1,0.1,180,FIFO,5,2,0.9265125649538054,0.0654514686277873,95.79616976444868,85.86016
100,10,bbr2-cubic,120,1,0.1,180,FIFO,5,3,0.9149900938486468,0.0749302670531908,95.822426402179,86.80288
100,10,bbr2-cubic,120,1,0.1,180,FIFO,6,1,0.9655680572100802,0.0599407609709333,95.76121335502322,87.08586666666666
100,10,bbr2-cubic,120,1,0.1,180,FIFO,6,2,0.9318658469106328,0.0615577099605369,95.68257174894792,87.9488
100,10,bbr2-cubic,120,1,0.1,180,FIFO,6,3,0.8970852440371057,0.0769552270088355,95.76997283308408,87.07266666666666
100,10,bbr2-cubic,120,1,0.1,180,FIFO,7,1,0.8112803575807468,0.0724322674752836,95.81365104120438,86.85942857142857
100,10,bbr2-cubic,120,1,0.1,180,FIFO,7,2,0.9140770490156278,0.0616003393114837,95.77869320112818,87.50788571428572
100,10,bbr2-cubic,120,1,0.1,180,FIFO,7,3,0.869582852985015,0.066463765849077,95.69123745473593,88.29885714285714
100,10,bbr-bbr,120,1,0.1,180,FIFO,1,1,0.525363741616106,15.533236240834276,94.2495161537162,93.4608
100,10,bbr-bbr,120,1,0.1,180,FIFO,1,2,0.560773306110735,15.672210700526373,94.93108715990084,93.5264
100,10,bbr-bbr,120,1,0.1,180,FIFO,1,3,0.5360921938012617,15.988033966870058,94.3805850754898,93.4544
100,10,bbr-bbr,120,1,0.1,180,FIFO,2,1,0.4769207264192697,14.292421302589084,93.7426886343808,94.57
100,10,bbr-bbr,120,1,0.1,180,FIFO,2,2,0.4865406819059251,14.563534981683292,94.5553398767499,94.5268
100,10,bbr-bbr,120,1,0.1,180,FIFO,2,3,0.4849264268104236,14.745132172081004,93.88250873878944,94.4392
100,10,bbr-bbr,120,1,0.1,180,FIFO,3,1,0.5545265940279664,13.327196130493638,94.057293651727,94.99626666666668
100,10,bbr-bbr,120,1,0.1,180,FIFO,3,2,0.4909240933674615,12.316732339360426,93.71641505200871,94.91546666666666
100,10,bbr-bbr,120,1,0.1,180,FIFO,3,3,0.4943755330265075,12.741581150034229,93.93496661886309,95.0848
100,10,bbr-bbr,120,1,0.1,180,FIFO,4,1,0.973934273382446,12.259926604759634,93.83008863637104,94.7296
100,10,bbr-bbr,120,1,0.1,180,FIFO,4,2,0.892243801981836,12.705645008661516,93.89999478079888,94.7628
100,10,bbr-bbr,120,1,0.1,180,FIFO,4,3,0.9068088079038074,12.244442520223284,93.82133960795883,94.6248
100,10,bbr-bbr,120,1,0.1,180,FIFO,5,1,0.974645108517288,5.479017480319449,93.7339590254523,93.99808
100,10,bbr-bbr,120,1,0.1,180,FIFO,5,2,0.9650986567094852,4.975714677951091,93.72522947638842,94.06448
100,10,bbr-bbr,120,1,0.1,180,FIFO,5,3,0.9510569138145734,6.038400206562109,93.75993319964734,94.572
100,10,bbr-bbr,120,1,0.1,180,FIFO,6,1,0.9765554070333572,0.0364998526596636,93.69900837379215,86.7848
100,10,bbr-bbr,120,1,0.1,180,FIFO,6,2,0.9686006808533468,0.0354962923826634,93.81261468384766,86.42453333333333
100,10,bbr-bbr,120,1,0.1,180,FIFO,6,3,0.9620267488154494,0.0482575612389295,93.66407841500482,87.0196
100,10,bbr-bbr,120,1,0.1,180,FIFO,7,1,0.9827795737479308,0.0,93.70776516370503,73.48422857142857
100,10,bbr-bbr,120,1,0.1,180,FIFO,7,2,0.9648592021071386,0.0,93.64658396179377,73.22274285714286
100,10,bbr-bbr,120,1,0.1,180,FIFO,7,3,0.9720433256370968,0.0,93.75144395698926,72.91154285714286
100,10,bbr-bbr,120,1,0.1,180,FIFO,8,1,0.9661725081171072,0.0,93.77765049893075,64.2668
100,10,bbr-bbr,120,1,0.1,180,FIFO,8,2,0.9698265457750884,0.0,93.75143940872006,64.6365
100,10,bbr-bbr,120,1,0.1,180,FIFO,8,3,0.9754207448808244,0.0,93.83008319890467,64.276
100,10,bbr-bbr2,120,1,0.1,180,FIFO,8,1,0.6445779423577744,0.0,94.17961837523968,57.2979
100,10,bbr-bbr2,120,1,0.1,180,FIFO,8,2,0.5928796230109443,0.0,93.93493432751578,53.8508
100,10,bbr-bbr2,120,1,0.1,180,FIFO,8,3,0.6257479975187858,0.0,94.17088679172792,59.5906
100,10,bbr-cubic,120,1,0.1,180,FIFO,8,1,0.803001923992066,1.6422400428156725,94.5903132002948,81.8889
100,10,bbr-cubic,120,1,0.1,180,FIFO,8,2,0.8302367406173773,1.6773478543984337,94.73884596048308,81.8124
100,10,bbr-cubic,120,1,0.1,180,FIFO,8,3,0.8393818339569072,1.6023412922346338,94.73013067541488,79.7482
100,10,bbr-reno,120,1,0.1,180,FIFO,8,1,0.797504187349722,2.9792188500540475,94.80001779489152,80.8259
100,10,bbr-reno,120,1,0.1,180,FIFO,8,2,0.8014339858235017,2.5635987315425224,94.73011396517452,80.3956
100,10,bbr-reno,120,1,0.1,180,FIFO,8,3,0.8254233001498896,2.7842997583457656,94.75632040306938,78.8367
100,10,bbr2-bbr2,120,1,0.1,180,FIFO,8,1,0.680033918450506,0.0,94.02231861681368,49.4522
100,10,bbr2-bbr2,120,1,0.1,180,FIFO,8,2,0.5150118804943792,0.0,94.1883428705294,51.703
100,10,bbr2-bbr2,120,1,0.1,180,FIFO,8,3,0.7597441280807122,0.0,94.13592886615646,45.2908
100,10,bbr2-cubic,120,1,0.1,180,FIFO,8,1,0.8865739700230469,0.0730984889041207,95.76121346614306,86.2796
100,10,bbr2-cubic,120,1,0.1,180,FIFO,8,2,0.933313871786822,0.0639089642550836,95.76121396010862,85.9698
100,10,bbr2-cubic,120,1,0.1,180,FIFO,8,3,0.978222734440037,0.0730540582712523,95.6825693932824,86.3685
100,10,bbr2-reno,120,1,0.1,180,FIFO,8,1,0.9193433268628568,0.0657082004948762,95.72625566713668,79.9765
100,10,bbr2-reno,120,1,0.1,180,FIFO,8,2,0.9135819116559684,0.0408083873810713,95.81363663033711,79.6788
100,10,bbr2-reno,120,1,0.1,180,FIFO,8,3,0.8610338007501646,0.0677053782643266,95.70879250835311,77.9334
100,10,bbr-bbr,120,1,0.1,180,FIFO,32,1,0.9687560709690936,0.0,93.72522316332302,15.88925
100,10,bbr-bbr,120,1,0.1,180,FIFO,32,2,0.966811518883737,0.0,93.7427042352849,15.907325
100,10,bbr-bbr,120,1,0.1,180,FIFO,32,3,0.9839467317968889,0.0,93.71650102330324,16.49455
100,10,bbr-bbr2,120,1,0.1,180,FIFO,32,1,0.6671346169584643,0.0,94.19708712193784,14.849575
100,10,bbr-bbr2,120,1,0.1,180,FIFO,32,2,0.7283684464603716,0.0,94.53788710627336,15.287075
100,10,bbr-bbr2,120,1,0.1,180,FIFO,32,3,0.8003599990561122,0.0,94.45049382229487,15.532625
100,10,bbr-cubic,120,1,0.1,180,FIFO,32,1,0.9960977056453388,0.3029317953662007,95.66509835973926,77.6825
100,10,bbr-cubic,120,1,0.1,180,FIFO,32,2,0.9800049566625272,0.3135668054198379,95.57771894851192,78.048
100,10,bbr-cubic,120,1,0.1,180,FIFO,32,3,0.986794047918154,0.4459075941828493,95.64761972300228,77.36625
100,10,bbr-reno,120,1,0.1,180,FIFO,32,1,0.9754392983148458,0.0375370341714987,95.6388824859752,67.96125
100,10,bbr-reno,120,1,0.1,180,FIFO,32,2,0.9907910702167404,0.0323132116374536,95.9359915931985,63.49825
100,10,bbr-reno,120,1,0.1,180,FIFO,32,3,0.9864272169562606,0.0422852545010097,95.77806844944706,65.64475
100,10,bbr2-bbr2,120,1,0.1,180,FIFO,32,1,0.6271760935247234,0.0,94.15339542089492,13.1119
100,10,bbr2-bbr2,120,1,0.1,180,FIFO,32,2,0.5304523053246504,0.0,94.17087227527372,12.676425
100,10,bbr2-bbr2,120,1,0.1,180,FIFO,32,3,0.6301606737187574,0.0,94.0223340289886,13.939675
100,10,bbr2-cubic,120,1,0.1,180,FIFO,32,1,0.8436153789929169,0.1608002674445128,95.7087960398487,85.945
100,10,bbr2-cubic,120,1,0.1,180,FIFO,32,2,0.7996605832025442,0.0990595115983825,95.7000478503751,86.5485
100,10,bbr2-cubic,120,1,0.1,180,FIFO,32,3,0.9125746047177872,0.1077424552687294,95.69115511879666,85.264
100,10,bbr2-reno,120,1,0.1,180,FIFO,32,1,0.5709108057161463,0.0341817457360155,95.6650963720255,74.09425
100,10,bbr2-reno,120,1,0.1,180,FIFO,32,2,0.8581565008141305,0.0135593489356889,95.87480978370078,77.87575
100,10,bbr2-reno,120,1,0.1,180,FIFO,32,3,0.7635383436551101,0.0173237709603002,95.82209345783394,71.404
100,10,bbr-bbr,120,1,0.1,180,FIFO,64,1,0.9716426844755682,0.0,93.8300835044473,8.0635375
100,10,bbr-bbr,120,1,0.1,180,FIFO,64,2,0.9717172242256642,0.0,93.75143867282056,8.1122
100,10,bbr-bbr,120,1,0.1,180,FIFO,64,3,0.9613657166524004,0.0,93.73396907860236,7.9838375
100,10,bbr-bbr2,120,1,0.1,180,FIFO,64,1,0.8935346625655965,0.0,94.86118669720894,7.4146875
100,10,bbr-bbr2,120,1,0.1,180,FIFO,64,2,0.7619244009165916,0.0,94.30195118226293,7.703125
100,10,bbr-bbr2,120,1,0.1,180,FIFO,64,3,0.6662664223396016,0.0,94.17962534712032,7.30535
100,10,bbr-cubic,120,1,0.1,180,FIFO,64,1,0.986618821697908,0.5033139843637435,95.58645595913154,82.499
100,10,bbr-cubic,120,1,0.1,180,FIFO,64,2,0.9719795936663604,0.4705187189910744,95.4903560401224,83.035
100,10,bbr-cubic,120,1,0.1,180,FIFO,64,3,0.9597402883913398,0.4624996347832055,95.4379132011432,85.9405
100,10,bbr-reno,120,1,0.1,180,FIFO,64,1,0.9740036406019356,0.0083686202996804,95.59520821258256,72.28325
100,10,bbr-reno,120,1,0.1,180,FIFO,64,2,0.9658319678879826,0.0060633693578046,95.65638604111034,76.64875
100,10,bbr-reno,120,1,0.1,180,FIFO,64,3,0.9612066264008526,0.0103561686863467,95.5951983772906,73.919625
100,10,bbr2-bbr2,120,1,0.1,180,FIFO,64,1,0.556550329759285,0.0,93.9349558885786,6.747325
100,10,bbr2-bbr2,120,1,0.1,180,FIFO,64,2,0.5608720348076943,0.0,94.00485909482452,6.5519875
100,10,bbr2-bbr2,120,1,0.1,180,FIFO,64,3,0.6424300721563319,0.0,94.0922370370262,7.048
100,10,bbr2-cubic,120,1,0.1,180,FIFO,64,1,0.7808598184669074,0.2879593465042219,95.56904588820672,80.439625
100,10,bbr2-cubic,120,1,0.1,180,FIFO,64,2,0.9278593223840016,0.2313723075525989,95.5602692209552,86.12
100,10,bbr2-cubic,120,1,0.1,180,FIFO,64,3,0.7667035167673181,0.3516912208500438,95.59522105425286,83.0295
100,10,bbr2-reno,120,1,0.1,180,FIFO,64,1,0.8219756666566754,0.0245918194440921,95.5602331638198,66.79825
100,10,bbr2-reno,120,1,0.1,180,FIFO,64,2,0.788957826469373,0.0069755638305151,96.04958341417932,70.117
100,10,bbr2-reno,120,1,0.1,180,FIFO,64,3,0.5285325665814565,0.011193177800591,95.59394294116332,74.425375
100,10,bbr2-reno,120,1,0.1,180,FIFO,1,1,0.7855483693064528,0.5987623869267339,95.263164897129,62.0136
100,10,bbr2-reno,120,1,0.1,180,FIFO,1,2,0.7716216079865719,0.6271223033352614,95.32430864293696,61.45376
100,10,bbr2-reno,120,1,0.1,180,FIFO,1,3,0.7847160620231849,0.6342519934414189,95.0883885642377,59.22376
100,10,bbr2-reno,120,1,0.1,180,FIFO,2,1,0.9601814324211552,0.1580946685891967,95.63889873660936,67.7408
100,10,bbr2-reno,120,1,0.1,180,FIFO,2,2,0.968250979186743,0.2136160171959394,95.63889575406029,67.6236
100,10,bbr2-reno,120,1,0.1,180,FIFO,2,3,0.949787722714314,0.2017823715226035,95.64760218827158,66.918
100,10,bbr2-reno,120,1,0.1,180,FIFO,3,1,0.9333083509890434,0.1198147746172487,95.64763641720522,70.82693333333333
100,10,bbr2-reno,120,1,0.1,180,FIFO,3,2,0.9697448306593396,0.1318823656500322,95.6913377902917,72.54106666666667
100,10,bbr2-reno,120,1,0.1,180,FIFO,3,3,0.9836030064569616,0.1511661037452141,95.65636502990046,71.61706666666667
100,10,bbr2-reno,120,1,0.1,180,FIFO,4,1,0.9188211480362922,0.1156847885598306,95.69105962686484,76.0046
100,10,bbr2-reno,120,1,0.1,180,FIFO,4,2,0.9053037013303,0.1055669948403755,95.67384214424106,75.9622
100,10,bbr2-reno,120,1,0.1,180,FIFO,4,3,0.850585501412801,0.1214525724315963,95.83988026730184,72.3232
100,10,bbr2-reno,120,1,0.1,180,FIFO,5,1,0.9297965073309024,0.1033248432276131,95.71754179402366,75.97184
100,10,bbr2-reno,120,1,0.1,180,FIFO,5,2,0.9793435190578552,0.0920992653062854,95.87481475161545,74.69072
100,10,bbr2-reno,120,1,0.1,180,FIFO,5,3,0.887788170535719,0.0811466875902438,95.75252213910674,76.3288
100,10,bbr2-reno,120,1,0.1,180,FIFO,6,1,0.9403946195642324,0.0736744932059579,95.6911909837186,79.0116
100,10,bbr2-reno,120,1,0.1,180,FIFO,6,2,0.8931502857422464,0.0747624466967929,95.7700064183044,77.11626666666666
100,10,bbr2-reno,120,1,0.1,180,FIFO,6,3,0.9287379481859874,0.0802306884658884,95.848610388898,76.97506666666666
100,10,bbr2-reno,120,1,0.1,180,FIFO,7,1,0.967159437531104,0.0544658538008326,95.8398636159854,80.80022857142858
100,10,bbr2-reno,120,1,0.1,180,FIFO,7,2,0.982376895067632,0.0553459731008704,95.76125783063776,79.85622857142857
100,10,bbr2-reno,120,1,0.1,180,FIFO,7,3,0.919202525387992,0.07689904023065,95.83994777951088,77.58582857142858
100,10,bbr2-bbr2,120,1,0.1,180,FIFO,1,1,0.9448137939800022,0.1581028402834919,93.92620634374866,79.10896
100,10,bbr2-bbr2,120,1,0.1,180,FIFO,1,2,0.9391408354155384,0.1618281489819452,93.8650049176223,78.98224
100,10,bbr2-bbr2,120,1,0.1,180,FIFO,1,3,0.9388849875738178,0.1576731930715069,93.86503635585032,79.56024
100,10,bbr2-bbr2,120,1,0.1,180,FIFO,2,1,0.7607614936479717,0.0010629845210452,94.0747471107714,71.9456
100,10,bbr2-bbr2,120,1,0.1,180,FIFO,2,2,0.5788127488627485,0.0017021978420064,93.99612433499568,70.0276
100,10,bbr2-bbr2,120,1,0.1,180,FIFO,2,3,0.6213292506103902,0.0036138112518669,94.08349697963544,74.5956
100,10,bbr2-bbr2,120,1,0.1,180,FIFO,3,1,0.6763913536410355,0.0042460217016553,94.205830329143,68.75253333333333
100,10,bbr2-bbr2,120,1,0.1,180,FIFO,3,2,0.7466509482089406,0.0015937362641231,94.11845822717068,70.0856
100,10,bbr2-bbr2,120,1,0.1,180,FIFO,3,3,0.7789901811216612,0.0024425961882651,94.1621055109235,74.1544
100,10,bbr2-bbr2,120,1,0.1,180,FIFO,4,1,0.7053439932931318,0.0,94.20583017855586,71.4702
100,10,bbr2-bbr2,120,1,0.1,180,FIFO,4,2,0.8001149756179301,0.0001060423685416,94.30192985620032,77.3672
100,10,bbr2-bbr2,120,1,0.1,180,FIFO,4,3,0.6249581631749933,0.0001062393095511,94.12711775191065,73.634
100,10,bbr2-bbr2,120,1,0.1,180,FIFO,5,1,0.8493714402003163,0.0023359631401168,94.17956825679966,73.8616
100,10,bbr2-bbr2,120,1,0.1,180,FIFO,5,2,0.8853705410172515,0.0,94.12718137370396,70.1904
100,10,bbr2-bbr2,120,1,0.1,180,FIFO,5,3,0.6632828368377282,0.0011659257016906,94.34563440920618,68.58992
100,10,bbr2-bbr2,120,1,0.1,180,FIFO,6,1,0.6354170220089849,0.0,94.09222573140798,64.89386666666667
100,10,bbr2-bbr2,120,1,0.1,180,FIFO,6,2,0.3883572201067191,0.0,93.99610669749887,65.6984
100,10,bbr2-bbr2,120,1,0.1,180,FIFO,6,3,0.9241516908252796,0.0,94.16213815085374,61.95293333333333
100,10,bbr2-bbr2,120,1,0.1,180,FIFO,7,1,0.8113855153602747,0.0,94.15342495749827,54.25291428571428
100,10,bbr2-bbr2,120,1,0.1,180,FIFO,7,2,0.8060376296705258,0.0,94.17087990330202,51.5576
100,10,bbr2-bbr2,120,1,0.1,180,FIFO,7,3,0.5635524417977357,0.0,94.08350949708785,58.79154285714286
100,10,bbr-bbr,120,1,0.1,180,FIFO,16,1,0.9527896406895332,0.0,93.78641894021308,32.11735
100,10,bbr-bbr,120,1,0.1,180,FIFO,16,2,0.971161143270241,0.0,93.76895334455833,32.33555
100,10,bbr-bbr,120,1,0.1,180,FIFO,16,3,0.984497469550602,0.0,93.72523541993648,31.90265
100,10,bbr-bbr2,120,1,0.1,180,FIFO,16,1,0.7166751726694113,0.0,94.17960692275524,29.9341
100,10,bbr-bbr2,120,1,0.1,180,FIFO,16,2,0.6478892615801082,0.0,94.31929943413968,29.16835
100,10,bbr-bbr2,120,1,0.1,180,FIFO,16,3,0.830640683354395,0.0,94.39807995293968,29.33935
100,10,bbr-cubic,120,1,0.1,180,FIFO,16,1,0.9869236025488046,0.5840256768235383,95.1670486515156,69.651
100,10,bbr-cubic,120,1,0.1,180,FIFO,16,2,0.9733567415907326,0.5930748139773844,95.350533637998,69.6335
100,10,bbr-cubic,120,1,0.1,180,FIFO,16,3,0.934113545252526,0.8747327187898069,95.0004478110398,68.8035
100,10,bbr-reno,120,1,0.1,180,FIFO,16,1,0.9525987693670928,0.3972623719630622,95.40294443875489,65.038
100,10,bbr-reno,120,1,0.1,180,FIFO,16,2,0.9621989547475284,0.2250986560035789,95.15827584354582,67.5465
100,10,bbr-reno,120,1,0.1,180,FIFO,16,3,0.9859660325137514,0.2407961693354129,95.6825852487164,65.908
100,10,bbr2-bbr2,120,1,0.1,180,FIFO,16,1,0.5949332594975318,0.0,94.16215748989129,27.28185
100,10,bbr2-bbr2,120,1,0.1,180,FIFO,16,2,0.7574166724026172,0.0,94.02237079035216,26.5925
100,10,bbr2-bbr2,120,1,0.1,180,FIFO,16,3,0.6723245639628928,0.0,94.10972309565734,25.8294
100,10,bbr2-cubic,120,1,0.1,180,FIFO,16,1,0.7701687373397457,0.1006945880810239,95.7350358516107,88.5325
100,10,bbr2-cubic,120,1,0.1,180,FIFO,16,2,0.8500804690130568,0.0761687273640684,95.83985780814912,86.9795
100,10,bbr2-cubic,120,1,0.1,180,FIFO,16,3,0.8898534874202715,0.0835511175928289,95.63007928796124,88.1845
100,10,bbr2-reno,120,1,0.1,180,FIFO,16,1,0.7995017985175248,0.1557417720180204,95.54276805248035,71.747
100,10,bbr2-reno,120,1,0.1,180,FIFO,16,2,0.676210455011819,0.0614588077654757,95.67383770993148,78.051
100,10,bbr2-reno,120,1,0.1,180,FIFO,16,3,0.9562203513254076,0.0435895651614191,95.6650974736229,81.6535
